word|meaning|reading|lesson|bonus
一|one|いち|3|0
一つ|one|ひと;つ|3|0
一分|one minute|いっ;ぷん|3|0
一時|one o'clock|いち;じ|3|0
一月|January|いち;がつ|3|0
一歳|one year old|いっ;さい|3|0
一年生|first-year student|いち;ねん;せい|3|0
二|two|に|3|0
二つ|two|ふた;つ|3|0
二分|two minutes|に;ふん|3|0
二時|two o'clock|に;じ|3|0
二日間|two days|ふつ;か;かん|3|0
二月|February|に;がつ|3|0
二年生|second-year student|に;ねん;せい|3|0
三|three|さん|3|0
三つ|three|みっ;つ|3|0
三分|three minutes|さん;ぷん|3|0
三時|three o'clock|さん;じ|3|0
三日|three days|みっ;か|3|0
三月|March|さん;がつ|3|0
三年生|third-year student|さん;ねん;せい|3|0
四|four|よん|3|0
四つ|four|よっ;つ|3|0
四分|four minutes|よん;ふん|3|0
四時|four o'clock|よん;じ|3|0
四日|four days|よっ;か|3|0
四月|April|し;がつ|3|0
四年生|fourth-year student|よん;ねん;せい|3|0
五|five|ご|3|0
五つ|five|いつ;つ|3|0
五分|five minutes|ご;ふん|3|0
五時|five o'clock|ご;じ|3|0
五年生|fifth-year student|ご;ねん;せい|3|0
五歳|five years old|ご;さい|3|0
五日|five days|いつ;か|3|0
五月|May|ご;がつ|3|0
六|six|ろく|3|0
六つ|six|むっ;つ|3|0
六分|six minutes|ろっ;ぷん|3|0
六時|six o'clock|ろく;じ|3|0
六日|six days|むい;か|3|0
六月|June|ろく;がつ|3|0
七|seven|しち|3|0
七つ|seven|なな;つ|3|0
七分|seven minutes|なな;ふん|3|0
七時|seven o'clock|しち;じ|3|0
七日|seven days|なの;か|3|0
七月|July|しち;がつ|3|0
八|eight|はち|3|0
八つ|eight|やっ;つ|3|0
八分|eight minutes|はっ;ぷん|3|0
八時|eight o'clock|はち;じ|3|0
八日|eight days|よう;か|3|0
八月|August|はち;がつ|3|0
九|nine|きゅう|3|0
九つ|nine|ここの;つ|3|0
九分|nine minutes|きゅう;ふん|3|0
九時|nine o'clock|く;じ|3|0
九日|nine days|ここの;か|3|0
九月|September|く;がつ|3|0
十|ten|じゅう|3|0
十分|ten minutes|じゅっ;ぷん|3|0
十時|ten o'clock|じゅう;じ|3|0
十日|ten days|とお;か|3|0
十月|October|じゅう;がつ|3|0
十一月|November|じゅう;いち;がつ|3|0
十二月|December|じゅう;に;がつ|3|0
百|one hundred|ひゃく|3|0
二百|two hundred|に;ひゃく|3|0
三百|three hundred|さん;びゃく|3|0
四百|four hundred|よん;ひゃく|3|0
五百|five hundred|ご;ひゃく|3|0
六百|six hundred|ろっ;ぴゃく|3|0
七百|seven hundred|なな;ひゃく|3|0
八百|eight hundred|はっ;ぴゃく|3|0
九百|nine hundred|きゅう;ひゃく|3|0
千|one thousand|せん|3|0
二千|two thousand|に;せん|3|0
三千|three thousand|さん;ぜん|3|0
四千|four thousand|よん;せん|3|0
五千|five thousand|ご;せん|3|0
六千|six thousand|ろく;せん|3|0
七千|seven thousand|なな;せん|3|0
八千|eight thousand|はっ;せん|3|0
九千|nine thousand|きゅう;せん|3|0
一万|ten thousand|いち;まん|3|0
二万|twenty thousand|に;まん|3|0
三万|thirty thousand|さん;まん|3|0
四万|forty thousand|よん;まん|3|0
五万|fifty thousand|ご;まん|3|0
六万|sixty thousand|ろく;まん|3|0
七万|seventy thousand|なな;まん|3|0
八万|eighty thousand|はち;まん|3|0
九万|ninety thousand|きゅう;まん|3|0
十万|hundred thousand|じゅう;まん|3|0
百万|one million|ひゃく;まん|3|0
一千万|ten million|いっ;せん;まん|3|0
百円|one hundred yen|ひゃく;えん|3|0
円|yen;circle|えん|3|0
子供の時|in one's childhood|こ;ども;の;とき|3|0
時々|sometimes|とき;どき|3|0
時計|clock;watch|と;けい|3|0
日本|Japan|に;ほん|4|0
日曜日|Sunday|にち;よう;び|4|0
毎日|every day|まい;にち|4|0
母の日|Mother's Day|はは;の;ひ|4|0
日記|diary|にっ;き|4|0
本|book|ほん|4|0
日本語|Japanese language|に;ほん;ご|4|0
山本さん|Mr./Ms. Yamamoto|やま;もと;さ;ん|4|0
日本人|Japanese people|に;ほん;じん|4|0
一人で|alone|ひと;り;で|4|0
この人|this person|こ;の;ひと|4|0
三人|three people|さん;にん|4|0
月曜日|Monday|げつ;よう;び|4|0
月|moon|つき|4|0
今月|this month|こん;げつ|4|0
一か月|one month|いっ;か;げつ|4|0
火曜日|Tuesday|か;よう;び|4|0
火|fire|ひ|4|0
火山|volcano|か;ざん|4|0
花火|fireworks|はな;び|4|0
火星|Mars|か;せい|4|0
水曜日|Wednesday|すい;よう;び|4|0
水|water|みず|4|0
水泳|swimming|すい;えい|4|0
水道|water supply|すい;どう|4|0
水着|bathing suit|みず;ぎ|4|0
木曜日|Thursday|もく;よう;び|4|0
木|tree|き|4|0
木村さん|Mr./Ms. Kimura|き;むら;さ;ん|4|0
金曜日|Friday|きん;よう;び|4|0
お金|money|お;かね|4|0
料金|charge|りょう;きん|4|0
お金持ち|rich person|お;かね;も;ち|4|0
土曜日|Saturday|ど;よう;び|4|0
土|soil|つち|4|0
土地|land|と;ち|4|0
粘土|clay|ねん;ど|4|0
曜日|day of the week|よう;び|4|0
上|top; above|うえ|4|0
上手な|good at|じょう;ず;な|4|0
屋上|rooftop|おく;じょう|4|0
上る|to go up|のぼ;る|4|0
下|under|した|4|0
地下鉄|subway|ち;か;てつ|4|0
下手な|poor at|へ;た;な|4|0
下さい|Please give/do ...|くだ;さ;い|4|0
中|inside|なか|4|0
中国|China|ちゅう;ごく|4|0
中学|junior high school|ちゅう;がく|4|0
一年中|all year around|いち;ねん;じゅう|4|0
三時半|half past three|さん;じ;はん|4|0
半分|half|はん;ぶん|4|0
半年|half a year|はん;とし|4|0
半額|half price|はん;がく|4|0
山|mountain|やま|5|0
山川さん|Mr./Ms. Yamakawa|やま;かわ;さ;ん|5|0
富士山|Mt. Fuji|ふ;じ;さん|5|0
川|river|かわ|5|0
小川さん|Mr./Ms. Ogawa|お;がわ;さ;ん|5|0
元気な|fine|げん;き;な|5|0
元日|the first day of the year|がん;じつ|5|0
地元|local|じ;もと|5|0
天気|weather|てん;き|5|0
電気|electricity|でん;き|5|0
気持ち|feeling|き;も;ち|5|0
人気|popularity|にん;き|5|0
天国|heaven|てん;ごく|5|0
天皇|Japanese emperor|てん;のう|5|0
天才|genius|てん;さい|5|0
私|I|わたし|5|0
私立大学|private university|し;りつ;だい;がく|5|0
私鉄|private railroad|し;てつ|5|0
今|now|いま|5|0
今日|today|きょ;う|5|0
今晩|tonight|こん;ばん|5|0
今年|this year|こと;し|5|0
田中さん|Mr./Ms. Tanaka|た;なか;さ;ん|5|0
山田さん|Mr./Ms. Yamada|やま;だ;さ;ん|5|0
田んぼ|rice field|た;ん;ぼ|5|0
女の人|woman|おんな;の;ひと|5|0
女性|woman|じょ;せい|5|0
女の子|girl|おんな;の;こ|5|0
長女|the eldest daughter|ちょう;じょ|5|0
男の人|man|おとこ;の;ひと|5|0
男性|man|だん;せい|5|0
男の子|boy|おとこ;の;こ|5|0
男子学生|male student|だん;し;がく;せい|5|0
見る|to see|み;る|5|0
見物|sightseeing|けん;ぶつ|5|0
花見|flower viewing|はな;み|5|0
意見|opinion|い;けん|5|0
行く|to go|い;く|5|0
銀行|bank|ぎん;こう|5|0
一行目|first line|いち;ぎょう;め|5|0
旅行|travel|りょ;こう|5|0
食べる|to eat|た;べ;る|5|0
食べ物|food|た;べ;もの|5|0
食堂|cafeteria|しょく;どう|5|0
食事|meal|しょく;じ|5|0
朝食|breakfast|ちょう;しょく|5|0
飲む|to drink|の;む|5|0
飲み物|drink|の;み;もの|5|0
飲酒運転|drunken driving|いん;しゅ;うん;てん|5|0
東|east|ひがし|6|0
東口|east exit|ひがし;ぐち|6|0
東京|Tokyo|とう;きょう|6|0
関東|Kanto area|かん;とう|6|0
東洋|the East|とう;よう|6|0
西|west|にし|6|0
西口|west exit|にし;ぐち|6|0
北西|northwest|ほく;せい|6|0
関西|Kansai area|かん;さい|6|0
西洋|the West|せい;よう|6|0
南|south|みなみ|6|0
南口|south exit|みなみ;ぐち|6|0
南東|southeast|なん;とう|6|0
南極|Antarctica|なん;きょく|6|0
東南アジア|Southeast Asia|とう;なん;ア;ジ;ア|6|0
北|north|きた|6|0
北口|north exit|きた;ぐち|6|0
東北|Tohoku area|とう;ほく|6|0
北極|North Pole|ほっ;きょく|6|0
北海道|Hokkaido|ほっ;かい;どう|6|0
口|mouth|くち|6|0
人口|population|じん;こう|6|0
入り口|entrance|い;り;ぐち|6|0
入口|entrance|いり;ぐち|6|0
出る|to exit|で;る|6|0
出口|exit|で;ぐち|6|0
出す|to take something out|だ;す|6|0
出席|attendance|しゅっ;せき|6|0
輸出|export|ゆ;しゅつ|6|0
右|right|みぎ|6|0
右折|right turn|う;せつ|6|0
左右|right and left|さ;ゆう|6|0
右手|right hand|みぎ;て|6|0
右側|right side|みぎ;がわ|6|0
左|left|ひだり|6|0
左折|left turn|さ;せつ|6|0
左手|left hand|ひだり;て|6|0
左利き|left-handed|ひだり;き;き|6|0
自分|oneself|じ;ぶん|6|0
分ける|to divide|わ;け;る|6|0
先生|teacher|せん;せい|6|0
先週|last week|せん;しゅう|6|0
先に|ahead|さき;に|6|0
先月|last month|せん;げつ|6|0
先輩|senior member|せん;ぱい|6|0
学生|student|がく;せい|6|0
生まれる|to be born|う;ま;れ;る|6|0
一生に一度|once in a life time|いっ;しょう;に;いち;ど|6|0
大学生|college student|だい;がく;せい|6|0
大きい|big|おお;き;い|6|0
大変な|tough|たい;へん;な|6|0
大人|adult|おと;な|6|0
大使館|embassy|たい;し;かん|6|0
大学|university|だい;がく|6|0
学校|school|がっ;こう|6|0
学ぶ|to study|まな;ぶ|6|0
学部|department; faculty|がく;ぶ|6|0
外国|foreign country|がい;こく|6|0
外国人|foreigner|がい;こく;じん|6|0
外|outside|そと|6|0
海外|overseas|かい;がい|6|0
国|country|くに|6|0
韓国|South Korea|かん;こく|6|0
国会|the Diet|こっ;かい|6|0
京子|Kyoko|きょう;こ|7|0
京都|Kyoto|きょう;と|7|0
上京する|to go to the capital|じょう;きょう;す;る|7|0
子ども|child|こ;ど;も|7|0
電子辞書|electronic dictionary|でん;し;じ;しょ|7|0
小さい|small|ちい;さ;い|7|0
小学校|elementary school|しょう;がっ;こう|7|0
小学生|elementary school student|しょう;がく;せい|7|0
会う|to meet|あ;う|7|0
会社|company|かい;しゃ|7|0
会社員|office worker|かい;しゃ;いん|7|0
会議|meeting|かい;ぎ|7|0
教会|church|きょう;かい|7|0
神社|shrine|じん;じゃ|7|0
社会|society|しゃ;かい|7|0
入社|entry to a company|にゅう;しゃ|7|0
父|father|ちち|7|0
お父さん|father|お;とう;さ;ん|7|0
父母|father and mother|ふ;ぼ|7|0
祖父|grandfather|そ;ふ|7|0
母|mother|はは|7|0
お母さん|mother|お;かあ;さ;ん|7|0
母語|mother tongue|ぼ;ご|7|0
祖母|grandmother|そ;ぼ|7|0
高い|expensive; high|たか;い|7|0
高校|high school|こう;こう|7|0
高校生|high school student|こう;こう;せい|7|0
最高|the best|さい;こう|7|0
中学校|junior high school|ちゅう;がっ;こう|7|0
毎週|every week|まい;しゅう|7|0
毎晩|every night|まい;ばん|7|0
毎年|every year|まい;とし|7|0
英語|English (language)|えい;ご|7|0
敬語|honorific expressions|けい;ご|7|0
文学|literature|ぶん;がく|7|0
作文|composition|さく;ぶん|7|0
文字|letter; character|も;じ|7|0
文化|culture|ぶん;か|7|0
文法|grammar|ぶん;ぽう|7|0
帰る|to return|かえ;る|7|0
帰国|going home|き;こく|7|0
帰宅|returning home|き;たく|7|0
帰り|return|かえ;り|7|0
入る|to enter|はい;る|7|0
入れる|to put something in|い;れ;る|7|0
輸入|import|ゆ;にゅう|7|0
店員|store clerk|てん;いん|8|0
会員|member|かい;いん|8|0
駅員|station staff|えき;いん|8|0
新しい|new|あたら;し;い|8|0
新聞|newspaper|しん;ぶん|8|0
新幹線|Bullet Train|しん;かん;せん|8|0
新鮮な|fresh|しん;せん;な|8|0
聞く|to listen|き;く|8|0
聞こえる|can be heard|き;こ;え;る|8|0
作る|to make|つく;る|8|0
作品|artistic piece|さく;ひん|8|0
作者|author|さく;しゃ|8|0
仕事|job|し;ごと|8|0
仕返し|revenge|し;かえ;し|8|0
仕える|to serve; to work under|つか;え;る|8|0
事|thing|こと|8|0
火事|fire|か;じ|8|0
返事|reply|へん;じ|8|0
電車|train|でん;しゃ|8|0
電話|telephone|でん;わ|8|0
電池|battery|でん;ち|8|0
車|car|くるま|8|0
自転車|bicycle|じ;てん;しゃ|8|0
車いす|wheel chair|くるま;い;す|8|0
駐車場|parking lot|ちゅう;しゃ;じょう|8|0
休む|to be absent; to rest|やす;む|8|0
休み|holiday; absence|やす;み|8|0
休日|holiday|きゅう;じつ|8|0
言う|to say|い;う|8|0
言語学|linguistics|げん;ご;がく|8|0
方言|dialect|ほう;げん|8|0
言葉|word; language|こと;ば|8|0
読む|to read|よ;む|8|0
読書|reading books|どく;しょ|8|0
読み物|reading matter|よ;み;もの|8|0
思う|to think|おも;う|8|0
不思議な|mysterious|ふ;し;ぎ;な|8|0
思い出す|to recall; to remember|おも;い;だ;す|8|0
次|next|つぎ|8|0
次女|second daughter|じ;じょ|8|0
目次|table of contents|もく;じ|8|0
次回|next time|じ;かい|8|0
何|what|なに|8|0
何時|what time|なん;じ|8|0
何人|how many people|なん;にん|8|0
何か|something|なに;か|8|0
午前|A.M.|ご;ぜん|9|0
午後|P.M.; in the afternoon|ご;ご|9|0
午前中|in the morning|ご;ぜん;ちゅう|9|0
正午|noon|しょう;ご|9|0
〜の後|after ...|〜;の;あと|9|0
後で|later|あと;で|9|0
後ろ|back; behind|うし;ろ|9|0
最後に|lastly|さい;ご;に|9|0
前|before; front|まえ|9|0
名前|name|な;まえ|9|0
前売り|advance sale|まえ;う;り|9|0
有名な|famous|ゆう;めい;な|9|0
名刺|name card|めい;し|9|0
氏名|full name|し;めい|9|0
地名|place name|ち;めい|9|0
白い|white|しろ;い|9|0
白紙|blank sheet|はく;し|9|0
白|white color|しろ|9|0
白鳥|swan|はく;ちょう|9|0
雨|rain|あめ|9|0
雨期|rainy season|う;き|9|0
梅雨|rainy season|つ;ゆ|9|0
書く|to write|か;く|9|0
辞書|dictionary|じ;しょ|9|0
教科書|textbook|きょう;か;しょ|9|0
図書館|library|と;しょ;かん|9|0
友だち|friend|とも;だ;ち|9|0
親友|best friend|しん;ゆう|9|0
友人|friend|ゆう;じん|9|0
友情|friendship|ゆう;じょう|9|0
時間|time|じ;かん|9|0
二時間|two hours|に;じ;かん|9|0
間|between|あいだ|9|0
人間|human being|にん;げん|9|0
一週間|one week|いっ;しゅう;かん|9|0
家|house|いえ|9|0
家|house; home|うち|9|0
家族|family|か;ぞく|9|0
家内|my wife|か;ない|9|0
作家|author|さっ;か|9|0
話す|to speak|はな;す|9|0
話|talk; story|はなし|9|0
会話|conversation|かい;わ|9|0
少し|little|すこ;し|9|0
少ない|few|すく;な;い|9|0
少々|a little|しょう;しょう|9|0
少女|girl|しょう;じょ|9|0
少年|boy|しょう;ねん|9|0
古い|old (for things)|ふる;い|9|0
中古|secondhand|ちゅう;こ|9|0
古代|ancient times|こ;だい|9|0
知る|to know|し;る|9|0
知人|acquaintance|ち;じん|9|0
知り合い|acquaintance|し;り;あ;い|9|0
来る|to come|く;る|9|0
来ます|to come|き;ま;す|9|0
来ない|not to come|こ;な;い|9|0
来週|next week|らい;しゅう|9|0
来日|visit to Japan|らい;にち|9|0
住む|to live|す;む|10|0
住所|address|じゅう;しょ|10|0
移住する|to immigrate|い;じゅう;す;る|10|0
お正月|New Year|お;しょう;がつ|10|0
正しい|right|ただ;し;い|10|0
来年|next year|らい;ねん|10|0
年|year|とし|10|0
売る|to sell|う;る|10|0
売店|stand; stall|ばい;てん|10|0
自動販売機|vending machine|じ;どう;はん;ばい;き|10|0
買う|to buy|か;う|10|0
買い物|shopping|か;い;もの|10|0
売買|selling and buying|ばい;ばい|10|0
町|town|まち|10|0
北山町|Kitayama town|きた;やま;ちょう|10|0
町長|mayor of a town|ちょう;ちょう|10|0
長い|long|なが;い|10|0
長男|the eldest son|ちょう;なん|10|0
社長|company president|しゃ;ちょう|10|0
道|way; road|みち|10|0
書道|calligraphy|しょ;どう|10|0
柔道|judo|じゅう;どう|10|0
雪|snow|ゆき|10|0
新雪|new snow|しん;せつ|10|0
雪だるま|snowman|ゆき;だ;る;ま|10|0
立つ|to stand|た;つ|10|0
国立大学|national university|こく;りつ;だい;がく|10|0
私立高校|private high school|し;りつ;こう;こう|10|0
自動車|automobile|じ;どう;しゃ|10|0
自由|freedom|じ;ゆう|10|0
夜|night|よる|10|0
夜中|midnight|よ;なか|10|0
今夜|tonight|こん;や|10|0
夜明け|dawn|よ;あ;け|10|0
朝|morning|あさ|10|0
今朝|this morning|け;さ|10|0
毎朝|every morning|まい;あさ|10|0
持つ|to hold|も;つ|10|0
持ってくる|to bring|も;っ;て;く;る|10|0
所持品|belongings|しょ;じ;ひん|10|0
手紙|letter|て;がみ|11|0
歌手|singer|か;しゅ|11|0
手|hand|て|11|0
手話|sign language|しゅ;わ|11|0
紙|paper|かみ|11|0
和紙|Japanese paper|わ;し|11|0
表紙|front cover|ひょう;し|11|0
好きな|to like|す;き;な|11|0
大好きな|to love|だい;す;き;な|11|0
好意|good will|こう;い|11|0
好み|liking; taste|この;み|11|0
好物|favorite food|こう;ぶつ|11|0
近く|near; nearby|ちか;く|11|0
近所|neighborhood|きん;じょ|11|0
最近|recently|さい;きん|11|0
中近東|the Middle and Near East|ちゅう;きん;とう|11|0
明るい|cheerful; bright|あか;る;い|11|0
明日|tomorrow|あし;た|11|0
説明|explanation|せつ;めい|11|0
発明|invention|はつ;めい|11|0
文明|civilization|ぶん;めい|11|0
病院|hospital|びょう;いん|11|0
病気|illness|びょう;き|11|0
重病|serious illness|じゅう;びょう|11|0
急病|sudden illness|きゅう;びょう|11|0
大学院|graduate school|だい;がく;いん|11|0
美容院|beauty parlor|び;よう;いん|11|0
映画|movie|えい;が|11|0
映画館|movie theater|えい;が;かん|11|0
映る|to be reflected|うつ;る|11|0
画家|painter|が;か|11|0
計画|plan|けい;かく|11|0
漫画|comic|まん;が|11|0
歌う|to sing|うた;う|11|0
歌|song|うた|11|0
国歌|national anthem|こっ;か|11|0
歌舞伎|Kabuki|か;ぶ;き|11|0
歌詞|lyrics|か;し|11|0
川口市|Kawaguchi City|かわ;ぐち;し|11|0
市役所|city hall|し;やく;しょ|11|0
市長|mayor|し;ちょう|11|0
市場|market|いち;ば|11|0
いろいろな所|various places|い;ろ;い;ろ;な;ところ|11|0
台所|kitchen|だい;どころ|11|0
勉強する|to study|べん;きょう;す;る|11|0
勉める|to try hard|つと;め;る|11|0
勤勉な|diligent|きん;べん;な|11|0
強い|strong|つよ;い|11|0
強情な|obstinate|ごう;じょう;な|11|0
強盗|robbery|ごう;とう|11|0
強力な|powerful|きょう;りょく;な|11|0
有料|toll; fee|ゆう;りょう|11|0
有る|to exist|あ;る|11|0
有能な|talented|ゆう;のう;な|11|0
旅館|inn|りょ;かん|11|0
一人旅|traveling alone|ひと;り;たび|11|0
旅券|passport|りょ;けん|11|0
昔|old times|むかし|12|0
昔話|old tale|むかし;ばなし|12|0
大昔|ancient times|おお;むかし|12|0
昔々|once upon a time|むかし;むかし|12|0
人々|people|ひと;びと|12|0
色々な|various|いろ;いろ;な|12|0
神さま|God|かみ;さ;ま|12|0
神道|Shinto religion|しん;とう|12|0
神戸市|Kobe City|こう;べ;し|12|0
早い|early|はや;い|12|0
早起きする|to get up early|はや;お;き;す;る|12|0
早朝|early morning|そう;ちょう|12|0
起きる|to get up|お;き;る|12|0
起こす|to wake someone up|お;こ;す|12|0
起立する|to stand up|き;りつ;す;る|12|0
牛|cow|うし|12|0
牛乳|milk|ぎゅう;にゅう|12|0
牛肉|beef|ぎゅう;にく|12|0
子牛|calf; veal|こ;うし|12|0
使う|to use|つか;う|12|0
大使|ambassador|たい;し|12|0
使用中|"Occupied"|し;よう;ちゅう|12|0
お使い|errand|お;つか;い|12|0
働く|to work|はたら;く|12|0
共働き|both husband and wife working|とも;ばたら;き|12|0
労働|labor|ろう;どう|12|0
連れて帰る|to bring (a person) back|つ;れ;て;かえ;る|12|0
国連|United Nations|こく;れん|12|0
連休|consecutive holidays|れん;きゅう|12|0
別れる|to separate|わか;れ;る|12|0
別に|not in particular|べつ;に|12|0
特別な|special|とく;べつ;な|12|0
差別|discrimination|さ;べつ|12|0
別々に|separately|べつ;べつ;に|12|0
一度|once|いち;ど|12|0
今度|near future|こん;ど|12|0
温度|temperature|おん;ど|12|0
三十度|30 degrees|さん;じゅう;ど|12|0
態度|attitude|たい;ど|12|0
赤|red color|あか|12|0
赤い|red|あか;い|12|0
赤ちゃん|baby|あか;ち;ゃ;ん|12|0
赤道|the equator|せき;どう|12|0
赤十字|the Red Cross|せき;じゅう;じ|12|0
青|blue color|あお|12|0
青い|blue|あお;い|12|0
青年|youth|せい;ねん|12|0
青空|blue sky|あお;ぞら|12|0
青信号|green light|あお;しん;ごう|12|0
色|color|いろ|12|0
景色|scenery|け;しき|12|0
特色|characteristic|とく;しょく|12|0
物|things|もの|13|0
動物|animal|どう;ぶつ|13|0
鳥|bird|とり|13|0
焼き鳥|grilled chicken|や;き;とり|13|0
料理|cooking|りょう;り|13|0
授業料|tuition|じゅ;ぎょう;りょう|13|0
給料|salary|きゅう;りょう|13|0
理由|reason|り;ゆう|13|0
地理|geography|ち;り|13|0
無理な|impossible|む;り;な|13|0
特に|especially|とく;に|13|0
特徴|characteristic|とく;ちょう|13|0
特急|super express|とっ;きゅう|13|0
安い|cheap|やす;い|13|0
安全な|safe|あん;ぜん;な|13|0
安心|relief|あん;しん|13|0
不安な|uneasy|ふ;あん;な|13|0
ご飯|rice; meal|ご;はん|13|0
朝ご飯|breakfast|あさ;ご;はん|13|0
晩ご飯|dinner|ばん;ご;はん|13|0
肉|meat|にく|13|0
豚肉|pork|ぶた;にく|13|0
肉屋|meat shop|にく;や|13|0
筋肉|muscle|きん;にく|13|0
悪い|bad|わる;い|13|0
気分が悪い|to feel sick|き;ぶん;が;わる;い|13|0
最悪|the worst|さい;あく|13|0
悪魔|devil|あく;ま|13|0
体|body|からだ|13|0
体重|body weight|たい;じゅう|13|0
体操|gymnastics; physical exercises|たい;そう|13|0
空港|airport|くう;こう|13|0
空気|air|くう;き|13|0
空|sky|そら|13|0
空く|to be vacant|あ;く|13|0
空手|karate|から;て|13|0
神戸港|Kobe Port|こう;べ;こう|13|0
港|port|みなと|13|0
香港|Hong Kong|ほん;こん|13|0
着く|to arrive|つ;く|13|0
着る|to wear|き;る|13|0
着物|kimono|き;もの|13|0
大阪着|arriving at Osaka|おお;さか;ちゃく|13|0
同じ|the same|おな;じ|13|0
同僚|coworker|どう;りょう|13|0
同級生|classmate|どう;きゅう;せい|13|0
同時|same time|どう;じ|13|0
海|sea|うみ|13|0
日本海|the Japan Sea|に;ほん;かい|13|0
海岸|coast|かい;がん|13|0
昼|noon; daytime|ひる|13|0
昼ご飯|lunch|ひる;ご;はん|13|0
昼寝|nap|ひる;ね|13|0
昼休み|lunch break|ひる;やす;み|13|0
昼食|lunch|ちゅう;しょく|13|0
彼|he; boyfriend|かれ|14|0
彼女|she; girlfriend|かの;じょ|14|0
彼ら|they|かれ;ら|14|0
時代|age; era|じ;だい|14|0
電気代|electricity fee|でん;き;だい|14|0
九十年代|90's|きゅう;じゅう;ねん;だい|14|0
十代|in one's teens|じゅう;だい|14|0
代わりに|instead|か;わ;り;に|14|0
留学生|foreign students|りゅう;がく;せい|14|0
留学する|to study abroad|りゅう;がく;す;る|14|0
留守|absence from home|る;す|14|0
民族|race|みん;ぞく|14|0
水族館|aquarium|すい;ぞく;かん|14|0
王族|member of royalty|おう;ぞく|14|0
父親|father|ちち;おや|14|0
親切な|kind|しん;せつ;な|14|0
両親|parents|りょう;しん|14|0
親しい|intimate|した;し;い|14|0
母親|mother|はは;おや|14|0
切る|to cut|き;る|14|0
切符|ticket|きっ;ぷ|14|0
切手|postage stamp|きっ;て|14|0
大切な|precious|たい;せつ;な|14|0
英国|England|えい;こく|14|0
英会話|English conversation|えい;かい;わ|14|0
英雄|hero|えい;ゆう|14|0
店|shop|みせ|14|0
書店|book store|しょ;てん|14|0
去年|last year|きょ;ねん|14|0
過去|the past|か;こ|14|0
去る|to leave|さ;る|14|0
消去する|to erase|しょう;きょ;す;る|14|0
急に|suddenly|きゅう;に|14|0
急ぐ|to hurry|いそ;ぐ|14|0
急行|express train|きゅう;こう|14|0
乗る|to ride|の;る|14|0
乗り物|vehicle|の;り;もの|14|0
乗車|riding a car|じょう;しゃ|14|0
乗馬|horseback riding|じょう;ば|14|0
本当に|really|ほん;とう;に|14|0
お弁当|lunch box|お;べん;とう|14|0
当たる|to hit|あ;た;る|14|0
当時|at that time|とう;じ|14|0
音楽|music|おん;がく|14|0
発音|pronunciation|はつ;おん|14|0
音|sound|おと|14|0
本音|real intention|ほん;ね|14|0
楽しい|fun|たの;し;い|14|0
楽器|musical instrument|がっ;き|14|0
楽な|easy; comfortable|らく;な|14|0
医者|doctor|い;しゃ|14|0
歯医者|dentist|は;い;しゃ|14|0
医学|medical science|い;がく|14|0
医院|clinic|い;いん|14|0
学者|scholar|がく;しゃ|14|0
読者|reader|どく;しゃ|14|0
若者|young people|わか;もの|14|0
死ぬ|to die|し;ぬ|15|0
死|death|し|15|0
必死|desperate|ひっ;し|15|0
死者|the dead|し;しゃ|15|0
意味|meaning|い;み|15|0
注意する|to watch out|ちゅう;い;す;る|15|0
用意する|to prepare|よう;い;す;る|15|0
趣味|hobby|しゅ;み|15|0
興味|interest|きょう;み|15|0
味噌|soybean paste|み;そ|15|0
味|taste|あじ|15|0
注文する|to order|ちゅう;もん;す;る|15|0
注ぐ|to pour|そそ;ぐ|15|0
夏|summer|なつ|15|0
夏休み|summer vacation|なつ;やす;み|15|0
初夏|early summer|しょ;か|15|0
魚|fish|さかな|15|0
魚市場|fish market|うお;いち;ば|15|0
金魚|goldfish|きん;ぎょ|15|0
人魚|mermaid|にん;ぎょ|15|0
お寺|temple|お;てら|15|0
東寺|Toji (the name of a temple)|とう;じ|15|0
寺院|sacred building|じ;いん|15|0
禅寺|zen temple|ぜん;でら|15|0
広い|wide; spacious|ひろ;い|15|0
広場|square; open space|ひろ;ば|15|0
広島|Hiroshima|ひろ;しま|15|0
広告|advertisement|こう;こく|15|0
運転する|to drive|うん;てん;す;る|15|0
回転ずし|rotating sushi|かい;てん;ず;し|15|0
転ぶ|to tumble; to fall down|ころ;ぶ|15|0
借りる|to borrow|か;り;る|15|0
借地|rented land|しゃく;ち|15|0
借金|debt|しゃっ;きん|15|0
借家|rented house|しゃく;や|15|0
走る|to run|はし;る|15|0
走り書き|hasty writing|はし;り;が;き|15|0
脱走|escape from a prison|だっ;そう|15|0
建物|building|たて;もの|15|0
建てる|to build|た;て;る|15|0
建つ|to be built|た;つ|15|0
建国|founding a nation|けん;こく|15|0
地下|underground|ち;か|15|0
地図|map|ち;ず|15|0
地球|earth; globe|ち;きゅう|15|0
地震|earthquake|じ;しん|15|0
場所|place|ば;しょ|15|0
場合|case|ば;あい|15|0
足|foot; leg|あし|15|0
足りる|to be sufficient|た;り;る|15|0
一足|one pair of shoes|いっ;そく|15|0
水不足|lack of water|みず;ぶ;そく|15|0
通る|to go through; to pass|とお;る|15|0
通う|to commute|かよ;う|15|0
通学|going to school|つう;がく|15|0
通勤|going to work|つう;きん|15|0
子供|child|こ;ども|16|0
供える|to offer something to the spirit|そな;え;る|16|0
提供|offer|てい;きょう|16|0
世界|the world|せ;かい|16|0
世話|care|せ;わ|16|0
世代|generation|せ;だい|16|0
三世|the third generation|さん;せい|16|0
世の中|the society|よ;の;なか|16|0
視界|visibility|し;かい|16|0
政界|political world|せい;かい|16|0
限界|limit|げん;かい|16|0
全部|all|ぜん;ぶ|16|0
安全|safety|あん;ぜん|16|0
全国|whole country|ぜん;こく|16|0
全く|entirely|まった;く|16|0
全て|all|すべ;て|16|0
部屋|room|へ;や|16|0
テニス部|tennis club|テ;ニ;ス;ぶ|16|0
部長|department manager|ぶ;ちょう|16|0
始まる|(something) begins|はじ;ま;る|16|0
始める|to begin (something)|はじ;め;る|16|0
始発|first train|し;はつ|16|0
開始|start|かい;し|16|0
二週目|second week|に;しゅう;め|16|0
週末|weekend|しゅう;まつ|16|0
以外|other than...|い;がい|16|0
以上|... or more|い;じょう|16|0
以下|... or less|い;か|16|0
以内|within...|い;ない|16|0
以前|before; formerly|い;ぜん|16|0
考える|to think|かんが;え;る|16|0
考え|idea|かんが;え|16|0
考古学|archeology|こう;こ;がく|16|0
参考|reference|さん;こう|16|0
開ける|to open (something)|あ;け;る|16|0
開く|(something) opens|あ;く|16|0
開く|to open|ひら;く|16|0
開店|opening of a store|かい;てん|16|0
本屋|bookstore|ほん;や|16|0
魚屋|fish shop|さかな;や|16|0
屋内|indoor|おく;ない|16|0
味方|person on one's side|み;かた|16|0
読み方|way of reading|よ;み;かた|16|0
夕方|evening|ゆう;がた|16|0
両方|both|りょう;ほう|16|0
方法|method|ほう;ほう|16|0
運動|exercise|うん;どう|16|0
運転|driving|うん;てん|16|0
運がいい|lucky|うん;が;い;い|16|0
運命|fate|うん;めい|16|0
運ぶ|to carry|はこ;ぶ|16|0
動く|to move|うご;く|16|0
動詞|verb|どう;し|16|0
教える|to teach|おし;え;る|16|0
教室|classroom|きょう;しつ|16|0
キリスト教|Christianity|キ;リ;ス;ト;きょう|16|0
研究室|professor's office|けん;きゅう;しつ|16|0
地下室|basement|ち;か;しつ|16|0
待合室|waiting room|まち;あい;しつ|16|0
二十五歳|twenty-five years old|に;じゅう;ご;さい|17|0
お歳暮|year-end gift|お;せい;ぼ|17|0
二十歳|twenty years old|は;た;ち|17|0
習う|to learn|なら;う|17|0
習字|calligraphy|しゅう;じ|17|0
練習|practice|れん;しゅう|17|0
習慣|habit; custom|しゅう;かん|17|0
主に|mainly|おも;に|17|0
ご主人|husband|ご;しゅ;じん|17|0
主婦|housewife|しゅ;ふ|17|0
主語|subject of a sentence|しゅ;ご|17|0
持ち主|owner|も;ち;ぬし|17|0
結婚する|to get married; to marry|けっ;こん;す;る|17|0
結果|result|けっ;か|17|0
結論|conclusion|けつ;ろん|17|0
結ぶ|to tie a knot|むす;ぶ|17|0
離婚|divorce|り;こん|17|0
婚約者|fiancée|こん;やく;しゃ|17|0
新婚|newlywed|しん;こん|17|0
未婚|unmarried|み;こん|17|0
集める|to collect|あつ;め;る|17|0
特集|(magazine) feature|とく;しゅう|17|0
集中する|to concentrate|しゅう;ちゅう;す;る|17|0
発表する|to make public; to give a presentation|はっ;ぴょう;す;る|17|0
出発|departure|しゅっ;ぱつ|17|0
表現|expression|ひょう;げん|17|0
表す|to express|あらわ;す|17|0
表|the front|おもて|17|0
上品な|elegant|じょう;ひん;な|17|0
手品|magic|て;じな|17|0
品物|merchandise article|しな;もの|17|0
赤字|deficit|あか;じ|17|0
名字|family name|みょう;じ|17|0
大文字|uppercase letters|おお;も;じ|17|0
漢字|kanji|かん;じ|17|0
活動|activity|かつ;どう|17|0
生活|life; living|せい;かつ|17|0
活発な|active|かっ;ぱつ;な|17|0
活用|conjugation|かつ;よう|17|0
活気|liveliness|かっ;き|17|0
写真|photograph|しゃ;しん|17|0
写す|to copy|うつ;す|17|0
写生|sketch|しゃ;せい|17|0
描写する|to describe|びょう;しゃ;す;る|17|0
真ん中|center|ま;ん;なか|17|0
〜の真上|right above...|〜;の;ま;うえ|17|0
真夜中|midnight|ま;よ;なか|17|0
歩く|to walk|ある;く|17|0
歩道|sidewalk|ほ;どう|17|0
散歩する|to stroll|さん;ぽ;す;る|17|0
一歩|one step|いっ;ぽ|17|0
進歩|progress|しん;ぼ|17|0
分野|realm; field|ぶん;や|17|0
小野さん|Mr./Ms. Ono|お;の;さ;ん|17|0
長野|Nagano|なが;の|17|0
野球|baseball|や;きゅう|17|0
野菜|vegetable|や;さい|17|0
目的|purpose|もく;てき|18|0
目|eyes|め|18|0
目薬|eye drops|め;ぐすり|18|0
二番目|the second|に;ばん;め|18|0
目上の人|one's superiors|め;うえ;の;ひと|18|0
現代的|modern|げん;だい;てき|18|0
社会的|social|しゃ;かい;てき|18|0
的|target|まと|18|0
力仕事|physical labor such as construction|ちから;し;ごと|18|0
協力|cooperation|きょう;りょく|18|0
努力|endeavor|ど;りょく|18|0
力士|sumo wrestler|りき;し|18|0
洋服|clothes; Western clothes|よう;ふく|18|0
洋食|Western food|よう;しょく|18|0
大西洋|the Atlantic|たい;せい;よう|18|0
服|clothes|ふく|18|0
制服|uniform|せい;ふく|18|0
和服|Japanese clothes|わ;ふく|18|0
公会堂|public hall|こう;かい;どう|18|0
堂々とした|dignified; imposing|どう;どう;と;し;た|18|0
授業|class|じゅ;ぎょう|18|0
教授|professor|きょう;じゅ|18|0
授かる|to be given|さず;か;る|18|0
職業|occupation|しょく;ぎょう|18|0
産業|industry|さん;ぎょう|18|0
サービス業|service industry|サ;ー;ビ;ス;ぎょう|18|0
試験|exam|し;けん|18|0
試合|game; match|し;あい|18|0
入試|entrance exam|にゅう;し|18|0
試みる|to try|こころ;み;る|18|0
実験|experiment|じっ;けん|18|0
経験|experience|けい;けん|18|0
受験|taking examination|じゅ;けん|18|0
貸す|to lend|か;す|18|0
貸し出し|lending|か;し;だ;し|18|0
賃貸マンション|apartment for rent|ちん;たい;マ;ン;シ;ョ;ン|18|0
図|figure|ず|18|0
合図|signal|あい;ず|18|0
図る|to attempt|はか;る|18|0
終わる|to come to an end|お;わ;る|18|0
終わり|end|お;わ;り|18|0
終点|last stop|しゅう;てん|18|0
最終〜|the last...|さい;しゅう;〜|18|0
宿題|homework|しゅく;だい|18|0
下宿|boardinghouse|げ;しゅく|18|0
宿泊|lodging|しゅく;はく|18|0
宿|inn|やど|18|0
問題|problem; question|もん;だい|18|0
話題|topic of conversation|わ;だい|18|0
題|title|だい|18|0
春|spring|はる|19|0
春巻|spring roll|はる;まき|19|0
春分|vernal equinox|しゅん;ぶん|19|0
青春|youth|せい;しゅん|19|0
秋|autumn|あき|19|0
秋学期|fall semester|あき;がっ;き|19|0
秋分|autumnal equinox|しゅう;ぶん|19|0
冬|winter|ふゆ|19|0
冬休み|winter vacation|ふゆ;やす;み|19|0
暖冬|warm winter|だん;とう|19|0
春夏秋冬|four seasons|しゅん;か;しゅう;とう|19|0
花|flower|はな|19|0
花粉症|hay fever|か;ふん;しょう|19|0
生け花|flower arrangement|い;け;ばな|19|0
～様|Mr./Ms....|～;さま|19|0
お客様|dear customer|お;きゃく;さま|19|0
皆様|everyone|みな;さま|19|0
様子|manner|よう;す|19|0
不景気|recession|ふ;けい;き|19|0
不便|inconvenience|ふ;べん|19|0
姉|older sister|あね|19|0
お姉さん|older sister|お;ねえ;さ;ん|19|0
姉妹|sisters|し;まい|19|0
姉妹都市|sister city|し;まい;と;し|19|0
兄|older brother|あに|19|0
お兄さん|older brother|お;にい;さ;ん|19|0
兄弟|brothers|きょう;だい|19|0
漢方薬|Chinese herbal medicine|かん;ぽう;やく|19|0
漢和辞典|Kanji dictionary|かん;わ;じ;てん|19|0
卒業する|to graduate|そつ;ぎょう;す;る|19|0
卒業式|graduation ceremony|そつ;ぎょう;しき|19|0
大卒|university graduate|だい;そつ|19|0
工学|engineering|こう;がく|19|0
工事|construction|こう;じ|19|0
工場|factory|こう;じょう|19|0
大工|carpenter|だい;く|19|0
研究|research|けん;きゅう|19|0
研究者|researcher|けん;きゅう;しゃ|19|0
研修|training|けん;しゅう|19|0
研ぐ|to sharpen|と;ぐ|19|0
探究|inquiry|たん;きゅう|19|0
究める|to investigate thoroughly|きわ;め;る|19|0
質問|question|しつ;もん|19|0
質がいい|good quality|しつ;が;い;い|19|0
素質|aptitude|そ;しつ|19|0
質屋|pawn shop|しち;や|19|0
訪問|visit|ほう;もん|19|0
問う|to question|と;う|19|0
多い|many|おお;い|19|0
多分|probably|た;ぶん|19|0
～の多く|many of...|～;の;おお;く|19|0
多数決|decision by majority|た;すう;けつ|19|0
皿|plate; dish|さら|20|0
紙皿|paper plate|かみ;ざら|20|0
灰皿|ashtray|はい;ざら|20|0
声|voice|こえ|20|0
音声学|phonetics|おん;せい;がく|20|0
擬声語|onomatopoeia|ぎ;せい;ご|20|0
声優|voice actor|せい;ゆう|20|0
お茶|Japanese tea|お;ちゃ|20|0
茶店|teahouse|ちゃ;みせ|20|0
紅茶|black tea|こう;ちゃ|20|0
茶色|brown|ちゃ;いろ|20|0
喫茶店|cafe|きっ;さ;てん|20|0
止まる|(something) stops|と;ま;る|20|0
中止する|to cancel|ちゅう;し;す;る|20|0
禁止する|to prohibit|きん;し;す;る|20|0
一枚|one sheet|いち;まい|20|0
枚数|number of flat things|まい;すう|20|0
三両|three ryoo|さん;りょう|20|0
両手|both hands|りょう;て|20|0
両替|exchange|りょう;がえ|20|0
無駄な|wasteful|む;だ;な|20|0
無料|free of charge|む;りょう|20|0
無礼な|rude|ぶ;れい;な|20|0
無い|there is no...|な;い|20|0
払う|to pay|はら;う|20|0
支払い|payment|し;はら;い|20|0
払い戻し|refund|はら;い;もど;し|20|0
分割払い|payment in installments|ぶん;かつ;ばら;い|20|0
心|heart; mind|こころ|20|0
心配する|to worry|しん;ぱい;す;る|20|0
熱心な|enthusiastic|ねっ;しん;な|20|0
安心な|safe|あん;しん;な|20|0
好奇心|curiosity|こう;き;しん|20|0
笑う|to laugh|わら;う|20|0
笑顔|smile|え;がお|20|0
微笑む|to smile|ほほ;え;む|20|0
爆笑する|to burst into laughter|ばく;しょう;す;る|20|0
絶対に|definitely|ぜっ;たい;に|20|0
絶える|to die out|た;え;る|20|0
絶滅|extinction|ぜつ;めつ|20|0
気絶する|to faint|き;ぜつ;す;る|20|0
絶望|despair|ぜつ;ぼう|20|0
反対する|to oppose|はん;たい;す;る|20|0
日本対中国|Japan versus China|に;ほん;たい;ちゅう;ごく|20|0
一対|a pair|いっ;つい|20|0
痛い|painful|いた;い|20|0
痛み止め|painkiller|いた;み;ど;め|20|0
頭痛|headache|ず;つう|20|0
腹痛|stomachache|ふく;つう|20|0
腰痛|lower back pain|よう;つう|20|0
最新|the latest|さい;しん|20|0
最も|most|もっと;も|20|0
続ける|to continue|つづ;け;る|20|0
手続き|procedure|て;つづ;き|20|0
相続する|to inherit|そう;ぞく;す;る|20|0
連続ドラマ|serial TV drama|れん;ぞく;ド;ラ;マ|20|0
信じる|to believe|しん;じ;る|21|0
自信|confidence|じ;しん|21|0
信号|traffic signal|しん;ごう|21|0
迷信|superstition|めい;しん|21|0
経済|economy|けい;ざい|21|0
神経質|over sensitive|しん;けい;しつ|21|0
経営学|management studies|けい;えい;がく|21|0
パリ経由|via Paris|パ;リ;けい;ゆ|21|0
台風|typhoon|たい;ふう|21|0
二台|two vehicles/machines/etc.|に;だい|21|0
舞台|stage|ぶ;たい|21|0
お風呂|bath|お;ふ;ろ|21|0
和風|Japanese style|わ;ふう|21|0
風|wind|かぜ|21|0
風邪をひく|to catch a cold|か;ぜ;を;ひ;く|21|0
犬|dog|いぬ|21|0
子犬|puppy|こ;いぬ|21|0
番犬|watch dog|ばん;けん|21|0
盲導犬|seeing-eye dog|もう;どう;けん|21|0
重い|heavy; serious (illness)|おも;い|21|0
重ねる|to pile up|かさ;ね;る|21|0
貴重品|valuables|き;ちょう;ひん|21|0
初めは|at first|はじ;め;は|21|0
初めて|first time|はじ;め;て|21|0
最初|first|さい;しょ|21|0
初雪|first snow|はつ;ゆき|21|0
初恋|first love|はつ;こい|21|0
若い|young|わか;い|21|0
若々しい|youthful|わか;わか;し;い|21|0
送る|to send|おく;る|21|0
送金|sending money|そう;きん|21|0
送料|postage|そう;りょう|21|0
放送|broadcast|ほう;そう|21|0
回送電車|out-of-service train|かい;そう;でん;しゃ|21|0
幸せな|happy|しあわ;せ;な|21|0
幸福な|happy|こう;ふく;な|21|0
幸運|good fortune|こう;うん|21|0
不幸|misfortune|ふ;こう|21|0
幸い|fortunately|さいわ;い|21|0
合計|sum|ごう;けい|21|0
計る|to measure|はか;る|21|0
遅れる|to be late|おく;れ;る|21|0
乗り遅れる|to miss (transportation)|の;り;おく;れ;る|21|0
遅い|late|おそ;い|21|0
遅刻する|to be late|ち;こく;す;る|21|0
心配な|worried about|しん;ぱい;な|21|0
配る|to distribute|くば;る|21|0
配達|delivery|はい;たつ|21|0
宅配便|home delivery service|たく;はい;びん|21|0
弟|younger brother|おとうと|21|0
弟子|apprentice|で;し|21|0
妹|younger sister|いもうと|21|0
姉妹校|sister school|し;まい;こう|21|0
記入する|to fill in|き;にゅう;す;る|22|0
暗記する|to memorize|あん;き;す;る|22|0
記事|an article; news|き;じ|22|0
銀メダル|silver medal|ぎん;メ;ダ;ル|22|0
銀世界|land covered with snow|ぎん;せ;かい|22|0
一回|one time|いっ;かい|22|0
回送バス|out-of-service bus|かい;そう;バ;ス|22|0
最終回|last inning; last episode|さい;しゅう;かい|22|0
回す|to turn|まわ;す|22|0
夕食|dinner|ゆう;しょく|22|0
七夕|Tanabata|たな;ばた|22|0
夕日|setting sun|ゆう;ひ|22|0
夕刊|evening newspaper|ゆう;かん|22|0
黒木さん|Mr./Ms. Kuroki|くろ;き;さ;ん|22|0
黒い|black|くろ;い|22|0
白黒写真|black and white photograph|しろ;くろ;しゃ;しん|22|0
黒板|blackboard|こく;ばん|22|0
用事|a thing to take care of|よう;じ|22|0
子供用|for children|こ;ども;よう|22|0
費用|cost|ひ;よう|22|0
留守番電話|answering machine|る;す;ばん;でん;わ|22|0
お守り|charm|お;まも;り|22|0
守衛|security guard|しゅ;えい|22|0
月末|end of the month|げつ;まつ|22|0
年末|year-end|ねん;まつ|22|0
期末試験|final examination|き;まつ;し;けん|22|0
末|the end|すえ|22|0
待つ|to wait|ま;つ|22|0
期待する|to expect|き;たい;す;る|22|0
招待|invitation|しょう;たい|22|0
残業|over-time work|ざん;ぎょう|22|0
残す|to leave|のこ;す|22|0
残念|regrettable|ざん;ねん|22|0
心残り|regret|こころ;のこ;り|22|0
残高|account balance|ざん;だか|22|0
一番|the first|いち;ばん|22|0
番号|number|ばん;ごう|22|0
番組|TV program|ばん;ぐみ|22|0
駅|station|えき|22|0
東京駅|Tokyo Station|とう;きょう;えき|22|0
駅前|vicinity; in front of the station|えき;まえ|22|0
説明する|to explain|せつ;めい;す;る|22|0
小説|novel|しょう;せつ|22|0
小説家|novelist|しょう;せつ;か|22|0
説教する|to preach|せっ;きょう;す;る|22|0
案内する|to guide|あん;ない;す;る|22|0
案内所|information desk|あん;ない;じょ|22|0
案|idea; proposal|あん|22|0
提案|proposal|てい;あん|22|0
国内|domestic|こく;ない|22|0
内科|internal medicine|ない;か|22|0
内側|inside|うち;がわ|22|0
忘れる|to forget|わす;れ;る|22|0
忘れ物|lost article|わす;れ;もの|22|0
忘年会|year-end party|ぼう;ねん;かい|22|0
顔|face|かお|23|0
顔色|complexion|かお;いろ|23|0
洗顔|washing one's face|せん;がん|23|0
表情|expression|ひょう;じょう|23|0
情報|information|じょう;ほう|23|0
情け|mercy|なさ;け|23|0
怒る|to get angry|おこ;る|23|0
怒り|anger; rage|いか;り|23|0
喜怒哀楽|human emotions|き;ど;あい;らく|23|0
変な|strange|へん;な|23|0
変化|change|へん;か|23|0
変人|eccentric person|へん;じん|23|0
変える|to change (something)|か;え;る|23|0
相手|partner|あい;て|23|0
首相|prime minister|しゅ;しょう|23|0
相談|consultation|そう;だん|23|0
相互の|mutual|そう;ご;の|23|0
横|side|よこ|23|0
横書き|horizontal writing|よこ;が;き|23|0
横綱|grand champion of sumo|よこ;づな|23|0
横断する|to traverse|おう;だん;す;る|23|0
比べる|to compare|くら;べ;る|23|0
比較|comparison|ひ;かく|23|0
比例|proportion|ひ;れい|23|0
対比|contrast|たい;ひ|23|0
比喩|figure of speech|ひ;ゆ|23|0
化学|chemistry|か;がく|23|0
同化|assimilation|どう;か|23|0
お化け|goblin; ghost|お;ば;け|23|0
化粧|makeup|け;しょう|23|0
違う|different|ちが;う|23|0
間違える|to make a mistake|ま;ちが;え;る|23|0
違法|illegal|い;ほう|23|0
違反|violation|い;はん|23|0
悲しい|sad|かな;し;い|23|0
悲劇|tragedy|ひ;げき|23|0
悲惨な|miserable|ひ;さん;な|23|0
悲しむ|to grieve|かな;し;む|23|0
調査|survey; research|ちょう;さ|23|0
調べる|to look into|しら;べ;る|23|0
調子|condition|ちょう;し|23|0
強調する|to emphasize|きょう;ちょう;す;る|23|0
検査|inspection|けん;さ|23|0
審査|screening|しん;さ|23|0
捜査|criminal investigation|そう;さ|23|0
果汁|fruit juice|か;じゅう|23|0
効果|effect|こう;か|23|0
使い果たす|to use up|つか;い;は;た;す|23|0
果物|fruit|くだ;もの|23|0
感情|emotion|かん;じょう|23|0
感動する|to be moved|かん;どう;す;る|23|0
感じる|to feel|かん;じ;る|23|0
感謝|gratitude|かん;しゃ|23|0
感想|impression|かん;そう|23|0
答える|to answer|こた;え;る|23|0
答え|answer|こた;え|23|0
答|answer|こたえ|23|0
回答|reply; answer|かい;とう|23|0
答案|examination paper|とう;あん|23|0
